{"time": "2026-04-18 15:47:55.712634", "accuracy": 0.5796460176991151, "trades": 226, "win_rate": 0.5309734513274337, "pnl": 14}
